{"package": {"1": {"min_watt": 114.138999999998, "max_watt": 118.83633333333152}}, "core": {"1": {"min_watt": 0.0, "max_watt": 0.0}}, "uncore": {"1": {"min_watt": 0.0, "max_watt": 0.0}}, "dram": {"1": {"min_watt": 23.538333333332805, "max_watt": 24.736999999999778}}}