{"package": {"1": {"min_watt": 25.01899999999987, "max_watt": 29.51180000000022}}}