{"package": {"All_Weights": {"Bias_Weight": -11951789344.393938, "Categorical_Variables": {}, "Numerical_Variables": {"kubelet_cpu_usage": {"mean": 2733468.2465753425, "variance": 30794.761118408715, "weight": -26387630914.6578}, "kubelet_memory_bytes": {"mean": 8001699840.0, "variance": 1.0026199257290444e+16, "weight": -3775566782.674461}}}}, "core": {"All_Weights": {"Bias_Weight": 0.0, "Categorical_Variables": {}, "Numerical_Variables": {"kubelet_cpu_usage": {"mean": 2733468.2465753425, "variance": 30794.761118408715, "weight": 0.0}, "kubelet_memory_bytes": {"mean": 8001699840.0, "variance": 1.0026199257290444e+16, "weight": 0.0}}}}, "uncore": {"All_Weights": {"Bias_Weight": 0.0, "Categorical_Variables": {}, "Numerical_Variables": {"kubelet_cpu_usage": {"mean": 2733468.2465753425, "variance": 30794.761118408715, "weight": 0.0}, "kubelet_memory_bytes": {"mean": 8001699840.0, "variance": 1.0026199257290444e+16, "weight": 0.0}}}}, "dram": {"All_Weights": {"Bias_Weight": -18093184976.26187, "Categorical_Variables": {}, "Numerical_Variables": {"kubelet_cpu_usage": {"mean": 2733468.2465753425, "variance": 30794.761118408715, "weight": -55701780221.223564}, "kubelet_memory_bytes": {"mean": 8001699840.0, "variance": 1.0026199257290444e+16, "weight": -18204455620.06613}}}}}